{
    "destination": {
        "stargate_id": 50016533,
        "system_id": 30045329
    },
    "name": "Stargate (Ichoriya)",
    "position": {
        "x": -33965837457.869843,
        "y": -178637573.96791273,
        "z": 82285826902.65688
    },
    "stargate_id": 50016532,
    "system_id": 30002797,
    "type_id": 56317
}