{
    "destination": {
        "stargate_id": 50016502,
        "system_id": 30002225
    },
    "name": "Stargate (Harva)",
    "position": {
        "x": 30508537221.09,
        "y": -1040888257.2912844,
        "z": 55237019840.16968
    },
    "stargate_id": 50016503,
    "system_id": 30002770,
    "type_id": 56317
}