{
    "destination": {
        "stargate_id": 50016523,
        "system_id": 30005005
    },
    "name": "Stargate (Ignebaener)",
    "position": {
        "x": 27653905828.69608,
        "y": -329241484.0912168,
        "z": 66844787079.41212
    },
    "stargate_id": 50016522,
    "system_id": 30000157,
    "type_id": 56317
}