{
    "destination": {
        "stargate_id": 50016492,
        "system_id": 30001413
    },
    "name": "Stargate (Nani)",
    "position": {
        "x": -203618631474.8539,
        "y": 20731842127.170593,
        "z": 38153612375.45722
    },
    "stargate_id": 50016493,
    "system_id": 30002411,
    "type_id": 56317
}