{
    "destination": {
        "stargate_id": 50016500,
        "system_id": 30002225
    },
    "name": "Stargate (Harva)",
    "position": {
        "x": -1575476341.75,
        "y": -277788063.1640625,
        "z": -196.234375
    },
    "stargate_id": 50016501,
    "system_id": 30003504,
    "type_id": 56317
}