{
    "destination": {
        "stargate_id": 50016536,
        "system_id": 30002702
    },
    "name": "Stargate (Archee)",
    "position": {
        "x": 63308148984.532974,
        "y": -10003541036.814651,
        "z": 65054798224.92225
    },
    "stargate_id": 50016537,
    "system_id": 30003046,
    "type_id": 56317
}