{
    "destination": {
        "stargate_id": 50016518,
        "system_id": 30000157
    },
    "name": "Stargate (Otela)",
    "position": {
        "x": -76565414316.86661,
        "y": 13605709698.2886,
        "z": -24541501945.21622
    },
    "stargate_id": 50016519,
    "system_id": 30001445,
    "type_id": 56317
}