{
    "destination": {
        "stargate_id": 50016512,
        "system_id": 30002079
    },
    "name": "Stargate (Krirald)",
    "position": {
        "x": -40637382361.73196,
        "y": -5895504123.724329,
        "z": -41339032547.795395
    },
    "stargate_id": 50016513,
    "system_id": 30002737,
    "type_id": 56317
}