{
    "destination": {
        "stargate_id": 50016538,
        "system_id": 30003046
    },
    "name": "Stargate (Angymonne)",
    "position": {
        "x": -251379635258.45813,
        "y": -31958549873.35244,
        "z": -79769601581.9263
    },
    "stargate_id": 50016539,
    "system_id": 30005029,
    "type_id": 56317
}