{
    "destination": {
        "stargate_id": 50016541,
        "system_id": 30005029
    },
    "name": "Stargate (Vale)",
    "position": {
        "x": -1575690690.0421143,
        "y": -277788063.1640625,
        "z": 369657.859375
    },
    "stargate_id": 50016540,
    "system_id": 30002702,
    "type_id": 56317
}