{
    "destination": {
        "stargate_id": 50016524,
        "system_id": 30005005
    },
    "name": "Stargate (Ignebaener)",
    "position": {
        "x": -10455519101.95126,
        "y": 494992264.48873,
        "z": -47120162779.00549
    },
    "stargate_id": 50016525,
    "system_id": 30031392,
    "type_id": 56317
}