{
    "destination": {
        "stargate_id": 50016537,
        "system_id": 30003046
    },
    "name": "Stargate (Angymonne)",
    "position": {
        "x": -1575903855.203125,
        "y": -277788063.1640625,
        "z": -450.1796875
    },
    "stargate_id": 50016536,
    "system_id": 30002702,
    "type_id": 56317
}