{
    "destination": {
        "stargate_id": 50016534,
        "system_id": 30003046
    },
    "name": "Stargate (Angymonne)",
    "position": {
        "x": -172607772036.8254,
        "y": -11038838930.514954,
        "z": -19179922446.804913
    },
    "stargate_id": 50016535,
    "system_id": 30045329,
    "type_id": 56317
}